id,first_name,last_name,email,gender,ip_address
7,Danila,Biasioli,dbiasioli6@drupal.org,Female,243.50.39.73
13,Lizette,Bleiman,lbleimanc@constantcontact.com,Female,214.13.214.148
16,Marga,Bunston,mbunstonf@cafepress.com,Female,207.199.169.210
14,Dael,De L'Isle,ddelisled@bing.com,Male,231.161.129.4
12,Valeria,Flowerdew,vflowerdewb@rediff.com,Female,70.105.154.240
18,Milty,Forster,mforsterh@eventbrite.com,Agender,235.187.145.196
15,Tracy,Gathercoal,tgathercoale@yale.edu,Male,134.202.109.77
20,Charlton,Hixson,chixsonj@upenn.edu,Male,99.26.172.190
3,Lawton,Hurry,lhurry2@joomla.org,Male,209.26.182.187
4,Sarita,Jorry,sjorry3@ustream.tv,Female,96.46.110.55
2,Clive,Kenner,ckenner1@berkeley.edu,Male,34.174.43.183
5,Evita,Kilborn,ekilborn4@wunderground.com,Female,129.131.212.208
8,Ruth,Luc,rluc7@examiner.com,Female,211.194.16.130
17,Myrah,Petrou,mpetroug@list-manage.com,Female,152.220.23.212
1,Fonzie,Poulston,fpoulston0@theatlantic.com,Male,218.230.52.34
11,Anderson,Sporgeon,asporgeona@nytimes.com,Male,117.168.84.7
9,Herold,Swinglehurst,hswinglehurst8@dagondesign.com,Male,150.30.216.134
6,Tammy,Titmuss,ttitmuss5@foxnews.com,Male,144.240.91.115
19,Rene,Towler,rtowleri@dropbox.com,Non-binary,91.42.63.103
10,Ebenezer,Yushkov,eyushkov9@paginegialle.it,Male,138.101.56.0
